arm,batch_size,rep,images,seconds,throughput_mbs
peridot,2,1,256,2.176,70.84
wasmtime,2,1,256,5.480,28.13
peridot,2,2,256,1.787,86.26
wasmtime,2,2,256,3.083,50.00
peridot,2,3,256,1.728,89.20
wasmtime,2,3,256,3.675,41.94
peridot,4,1,256,1.609,95.80
wasmtime,4,1,256,3.049,50.55
peridot,4,2,256,3.961,38.91
wasmtime,4,2,256,5.679,27.14
peridot,4,3,256,1.899,81.17
wasmtime,4,3,256,2.562,60.16
peridot,8,1,256,1.665,92.58
wasmtime,8,1,256,2.347,65.68
peridot,8,2,256,1.629,94.62
wasmtime,8,2,256,2.314,66.61
peridot,8,3,256,1.614,95.50
wasmtime,8,3,256,2.248,68.57
peridot,16,1,256,1.486,103.73
wasmtime,16,1,256,2.177,70.80
peridot,16,2,256,1.494,103.17
wasmtime,16,2,256,2.213,69.65
peridot,16,3,256,1.531,100.68
wasmtime,16,3,256,2.526,61.02
peridot,32,1,256,1.479,104.22
wasmtime,32,1,256,2.306,66.84
peridot,32,2,256,1.463,105.36
wasmtime,32,2,256,2.943,52.38
peridot,32,3,256,1.494,103.17
wasmtime,32,3,256,2.193,70.29
peridot,64,1,256,1.487,103.66
wasmtime,64,1,256,2.137,72.13
peridot,64,2,256,1.486,103.73
wasmtime,64,2,256,2.095,73.58
peridot,64,3,256,1.462,105.43
wasmtime,64,3,256,2.117,72.81
peridot,128,1,256,1.744,88.38
wasmtime,128,1,256,2.175,70.87
peridot,128,2,256,1.458,105.72
wasmtime,128,2,256,2.062,74.75
peridot,128,3,256,1.482,104.01
wasmtime,128,3,256,2.127,72.47
