io_size,batch_size,writes_per_run,runs,mean_kiops,stddev_kiops
64,1,200000,3,16.039,0.238
64,2,200000,3,1499.797,2.533
64,4,200000,3,2415.282,20.886
64,8,200000,3,3894.059,29.332
64,16,200000,3,5319.675,83.508
64,32,200000,3,6546.132,57.636
64,64,200000,3,7177.437,43.190
64,128,200000,3,6366.677,102.179
64,256,200000,3,7932.985,36.402
64,512,200000,3,8219.721,8.076
64,1024,200000,3,8236.484,109.466
256,1,200000,3,16.229,0.047
256,2,200000,3,1427.312,16.270
256,4,200000,3,2306.169,42.825
256,8,200000,3,3426.987,16.331
256,16,200000,3,4404.008,34.148
256,32,200000,3,4786.558,66.579
256,64,200000,3,5115.482,63.561
256,128,200000,3,5287.114,84.417
256,256,200000,3,4055.529,28.956
256,512,200000,3,5385.225,69.323
256,1024,200000,3,5321.240,62.340
1024,1,200000,3,16.319,0.142
1024,2,200000,3,994.353,84.032
1024,4,200000,3,1763.210,2.974
1024,8,200000,3,2062.368,9.545
1024,16,200000,3,2250.207,11.664
1024,32,200000,3,2309.911,8.451
1024,64,200000,3,2330.328,10.222
1024,128,200000,3,2334.226,11.392
1024,256,200000,3,2468.583,9.777
1024,512,200000,3,2523.572,22.962
1024,1024,200000,3,2473.318,11.273
4096,1,200000,3,16.241,0.188
4096,2,200000,3,503.802,91.956
4096,4,200000,3,697.898,7.163
4096,8,200000,3,715.591,4.201
4096,16,200000,3,735.772,1.346
4096,32,200000,3,724.267,38.019
4096,64,200000,3,702.945,61.989
4096,128,200000,3,771.160,7.169
4096,256,200000,3,771.271,11.261
4096,512,200000,3,798.229,10.120
4096,1024,200000,3,783.416,11.486
