arm,module,demand_mbps,t_seconds,written_bytes
baseline,module1,100,1.003,33806136
baseline,module1,100,2.019,67576407
baseline,module1,100,3.028,99951587
baseline,module1,100,4.004,115207133
baseline,module1,100,5.017,143530384
baseline,module1,100,6.018,171617279
baseline,module1,100,7.016,198975190
baseline,module1,100,8.028,225650699
baseline,module1,100,9.022,251578252
baseline,module1,100,10.033,278115702
baseline,module1,100,11.026,304048398
baseline,module1,100,12.032,328549948
baseline,module1,100,13.025,353401484
baseline,module1,100,14.034,379768439
baseline,module1,100,15.029,405744391
baseline,module1,100,16.042,435499482
baseline,module1,100,17.023,460609852
baseline,module1,100,18.042,485791631
baseline,module1,100,19.052,514264434
baseline,module1,100,20.059,539171778
baseline,module1,100,21.047,568291300
baseline,module1,100,22.053,597052047
baseline,module1,100,23.035,621867166
baseline,module1,100,24.059,646655009
baseline,module1,100,25.056,672598993
baseline,module1,100,26.067,704507191
baseline,module1,100,27.065,731374882
baseline,module1,100,28.075,762775757
baseline,module1,100,29.052,787475888
baseline,module1,100,30.061,818657800
baseline,module1,100,31.072,849267067
baseline,module1,100,32.066,880074124
baseline,module1,100,33.072,906315624
baseline,module1,100,34.074,938359551
baseline,module1,100,35.082,968994316
baseline,module1,100,36.073,996948471
baseline,module1,100,37.076,1024335107
baseline,module1,100,38.080,1053221316
baseline,module1,100,39.070,1079494686
baseline,module1,100,40.075,1105881565
baseline,module1,100,41.084,1135008710
baseline,module1,100,42.090,1166380917
baseline,module1,100,43.093,1195766487
baseline,module1,100,44.101,1225664029
baseline,module1,100,45.116,1251371346
baseline,module1,100,46.112,1275464518
baseline,module1,100,47.111,1301822410
baseline,module1,100,48.120,1329432800
baseline,module1,100,49.121,1357589852
baseline,module1,100,50.120,1390134319
baseline,module1,100,51.120,1419772289
baseline,module1,100,52.123,1444455838
baseline,module1,100,53.115,1474064387
baseline,module1,100,54.113,1501324041
baseline,module1,100,55.130,1532563234
baseline,module1,100,56.129,1558319844
baseline,module1,100,57.131,1583831691
baseline,module1,100,58.136,1616218077
baseline,module1,100,59.130,1643830406
baseline,module1,100,60.134,1670438818
baseline,module1,100,61.142,1697880143
baseline,module1,100,62.143,1725570803
baseline,module1,100,63.145,1756013272
baseline,module1,100,64.154,1780687237
baseline,module1,100,65.151,1809777525
baseline,module1,100,66.150,1839414858
baseline,module1,100,67.161,1866700028
baseline,module1,100,68.161,1896107888
baseline,module1,100,69.151,1921799474
baseline,module1,100,70.174,1954318222
baseline,module1,100,71.153,1981877765
baseline,module1,100,72.167,2008481347
baseline,module1,100,73.172,2036556463
baseline,module1,100,74.171,2065113050
baseline,module1,100,75.192,2099539988
baseline,module1,100,76.177,2126536572
baseline,module1,100,77.187,2156322873
baseline,module1,100,78.192,2186311378
baseline,module1,100,79.185,2213604101
baseline,module1,100,80.204,2247097624
baseline,module1,100,81.199,2271946479
baseline,module1,100,82.196,2296973726
baseline,module1,100,83.214,2332747442
baseline,module1,100,84.215,2357431783
baseline,module1,100,85.217,2383742991
baseline,module1,100,86.222,2411208424
baseline,module1,100,87.210,2437760690
baseline,module1,100,88.216,2471526307
baseline,module1,100,89.216,2500184884
baseline,module1,100,90.233,2530712868
baseline,module1,100,91.239,2558287430
baseline,module1,100,92.240,2589147865
baseline,module1,100,93.244,2613618857
baseline,module1,100,94.238,2642456758
baseline,module1,100,95.240,2671148826
baseline,module1,100,96.256,2702614660
baseline,module1,100,97.259,2729452116
baseline,module1,100,98.261,2754615952
baseline,module1,100,99.259,2780757857
baseline,module1,100,100.266,2813327522
baseline,module1,100,101.287,2843050838
baseline,module1,100,102.265,2867474786
baseline,module1,100,103.291,2896364468
baseline,module1,100,104.288,2924216918
baseline,module1,100,105.300,2952525144
baseline,module1,100,106.290,2975648278
baseline,module1,100,107.298,3003348789
baseline,module1,100,108.304,3031801017
baseline,module1,100,109.305,3056885796
baseline,module1,100,110.308,3086794920
baseline,module1,100,111.313,3115278740
baseline,module1,100,112.309,3138775698
baseline,module1,100,113.329,3169637926
baseline,module1,100,114.312,3196540055
baseline,module2,200,1.009,42012365
baseline,module2,200,2.006,60714332
baseline,module2,200,3.024,87746944
baseline,module2,200,4.024,114514600
baseline,module2,200,5.029,141299729
baseline,module2,200,6.041,169407825
baseline,module2,200,7.033,196284084
baseline,module2,200,8.036,225191243
baseline,module2,200,9.036,253212301
baseline,module2,200,10.041,279337950
baseline,module2,200,11.041,308180931
baseline,module2,200,12.037,336929619
baseline,module2,200,13.036,366506361
baseline,module2,200,14.044,392945720
baseline,module2,200,15.043,421381471
baseline,module2,200,16.050,448707188
baseline,module2,200,17.032,479398674
baseline,module2,200,18.049,509232912
baseline,module2,200,19.054,540972062
baseline,module2,200,20.058,565113310
baseline,module2,200,21.056,593493360
baseline,module2,200,22.051,619295824
baseline,module2,200,23.045,650190162
baseline,module2,200,24.062,677523556
baseline,module2,200,25.065,702188470
baseline,module2,200,26.062,730232817
baseline,module2,200,27.071,757221824
baseline,module2,200,28.071,785863498
baseline,module2,200,29.065,812034124
baseline,module2,200,30.072,837317046
baseline,module2,200,31.076,867479865
baseline,module2,200,32.071,895280800
baseline,module2,200,33.080,923158893
baseline,module2,200,34.080,954710696
baseline,module2,200,35.079,981284390
baseline,module2,200,36.084,1011054494
baseline,module2,200,37.078,1036416308
baseline,module2,200,38.083,1062448829
baseline,module2,200,39.067,1087673694
baseline,module2,200,40.072,1119360522
baseline,module2,200,41.079,1147982089
baseline,module2,200,42.081,1178227833
baseline,module2,200,43.089,1202955050
baseline,module2,200,44.084,1230616681
baseline,module2,200,45.097,1263297495
baseline,module2,200,46.098,1290545000
baseline,module2,200,47.103,1318107086
baseline,module2,200,48.108,1348038470
baseline,module2,200,49.114,1380839025
baseline,module2,200,50.102,1405254423
baseline,module2,200,51.109,1434120480
baseline,module2,200,52.118,1465246277
baseline,module2,200,53.111,1491080367
baseline,module2,200,54.116,1518809354
baseline,module2,200,55.124,1549276343
baseline,module2,200,56.120,1577800168
baseline,module2,200,57.126,1609048655
baseline,module3,300,1.002,40764339
baseline,module3,300,2.001,59228050
baseline,module3,300,3.019,85588482
baseline,module3,300,4.000,116507386
baseline,module3,300,5.016,145561044
baseline,module3,300,6.003,173360394
baseline,module3,300,7.015,205225375
baseline,module3,300,8.004,225341439
baseline,module3,300,9.015,258011071
baseline,module3,300,10.008,284790046
baseline,module3,300,11.013,316092696
baseline,module3,300,12.013,345302008
baseline,module3,300,13.023,372156437
baseline,module3,300,14.028,398201969
baseline,module3,300,15.029,427210787
baseline,module3,300,16.025,457170980
baseline,module3,300,17.017,485224532
baseline,module3,300,18.040,514860276
baseline,module3,300,19.045,541035151
baseline,module3,300,20.050,570278795
baseline,module3,300,21.046,598679054
baseline,module3,300,22.040,627689487
baseline,module3,300,23.035,655814470
baseline,module3,300,24.045,682706472
baseline,module3,300,25.051,713077937
baseline,module3,300,26.056,740623214
baseline,module3,300,27.055,766352317
baseline,module3,300,28.060,792147240
baseline,module3,300,29.062,824967050
baseline,module3,300,30.073,852816342
baseline,module3,300,31.073,883436829
baseline,module3,300,32.067,909467443
baseline,module3,300,33.082,939800920
baseline,module3,300,34.088,971683018
baseline,module3,300,35.078,997983366
baseline,module3,300,36.079,1027034471
baseline,module3,300,37.080,1057511350
baseline,module3,300,38.089,1087795061
baseline,module3,300,39.078,1118905100
baseline,module3,300,40.079,1146623911
baseline,module3,300,41.081,1173719130
baseline,module4,400,1.004,49596680
baseline,module4,400,2.007,75362496
baseline,module4,400,3.020,95716300
baseline,module4,400,4.006,125848267
baseline,module4,400,5.011,153812009
baseline,module4,400,6.019,179271345
baseline,module4,400,7.006,206315000
baseline,module4,400,8.012,237139836
baseline,module4,400,9.014,265165601
baseline,module4,400,10.026,298309862
baseline,module4,400,11.019,322775392
baseline,module4,400,12.017,352622360
baseline,module4,400,13.018,384144524
baseline,module4,400,14.033,410839783
baseline,module4,400,15.024,436109823
baseline,module4,400,16.034,464388495
baseline,module4,400,17.030,495690195
baseline,module4,400,18.032,519948589
baseline,module4,400,19.048,550890565
baseline,module4,400,20.041,573440625
baseline,module4,400,21.035,600802606
baseline,module4,400,22.036,630738192
baseline,module4,400,23.026,658178872
baseline,module4,400,24.045,685727045
baseline,module4,400,25.044,713750431
baseline,module4,400,26.042,739908054
baseline,module4,400,27.044,769860349
baseline,module4,400,28.050,798318530
baseline,module4,400,29.045,827719110
baseline,module4,400,30.057,856665793
baseline,module4,400,31.056,884067529
baseline,module4,400,32.049,912607594
baseline,module4,400,33.072,941390110
baseline,module4,400,34.063,966787072
peridot,module1,100,1.993,26867771
peridot,module1,100,2.990,34190871
peridot,module1,100,3.985,43841863
peridot,module1,100,5.000,51594197
peridot,module1,100,5.988,57872413
peridot,module1,100,6.001,63160900
peridot,module1,100,7.005,68991593
peridot,module1,100,8.022,83663398
peridot,module1,100,9.011,90722213
peridot,module1,100,10.012,102017227
peridot,module1,100,11.018,110347905
peridot,module1,100,12.009,117661055
peridot,module1,100,13.028,133796722
peridot,module1,100,14.019,140018120
peridot,module1,100,15.023,147141338
peridot,module1,100,16.003,160512410
peridot,module1,100,17.022,164868473
peridot,module1,100,18.030,177797459
peridot,module1,100,19.033,188974923
peridot,module1,100,20.033,193892893
peridot,module1,100,21.029,205868775
peridot,module1,100,22.040,219158060
peridot,module1,100,23.034,229287791
peridot,module1,100,24.041,239386539
peridot,module1,100,25.038,245764938
peridot,module1,100,26.050,253333889
peridot,module1,100,27.045,258697741
peridot,module1,100,28.054,267056780
peridot,module1,100,29.044,271720896
peridot,module1,100,30.053,281675579
peridot,module1,100,31.058,288191349
peridot,module1,100,32.048,298407656
peridot,module1,100,33.059,307218915
peridot,module1,100,34.063,317656604
peridot,module1,100,35.062,327349925
peridot,module1,100,36.067,338179357
peridot,module1,100,37.048,347970676
peridot,module1,100,38.054,360604712
peridot,module1,100,39.074,371459172
peridot,module1,100,40.075,382497228
peridot,module1,100,41.081,389952514
peridot,module1,100,42.084,395530021
peridot,module1,100,43.074,403062613
peridot,module1,100,44.090,409847472
peridot,module1,100,45.104,419480234
peridot,module1,100,46.099,427263679
peridot,module1,100,47.108,436795800
peridot,module1,100,48.098,441875363
peridot,module1,100,49.095,451521141
peridot,module1,100,50.107,463323365
peridot,module1,100,51.097,473129789
peridot,module1,100,52.112,486429935
peridot,module1,100,53.114,493909822
peridot,module1,100,54.112,500821866
peridot,module1,100,55.116,507767925
peridot,module1,100,56.110,515003402
peridot,module1,100,57.121,530371635
peridot,module1,100,58.117,536869275
peridot,module1,100,59.118,547371428
peridot,module1,100,60.126,557861643
peridot,module1,100,61.131,568711773
peridot,module1,100,62.135,580671771
peridot,module1,100,63.132,586790303
peridot,module1,100,64.135,600058850
peridot,module1,100,65.140,610883036
peridot,module1,100,66.135,618103479
peridot,module1,100,67.137,625992543
peridot,module1,100,68.143,637588023
peridot,module1,100,69.150,644710153
peridot,module1,100,70.146,650995322
peridot,module1,100,71.149,662682478
peridot,module1,100,72.146,673122945
peridot,module1,100,73.161,681213450
peridot,module1,100,74.149,686336058
peridot,module1,100,75.163,694409498
peridot,module1,100,76.158,701539020
peridot,module1,100,77.165,708321084
peridot,module1,100,78.150,715334349
peridot,module1,100,79.169,726011842
peridot,module1,100,80.172,734934121
peridot,module1,100,81.187,744280911
peridot,module1,100,82.176,748459773
peridot,module1,100,83.197,758903121
peridot,module1,100,84.170,765327734
peridot,module1,100,85.185,772241912
peridot,module1,100,86.193,784630302
peridot,module1,100,87.201,796923796
peridot,module1,100,88.203,803080246
peridot,module1,100,89.187,812408328
peridot,module1,100,90.203,824690001
peridot,module1,100,91.211,836675156
peridot,module1,100,92.212,848005192
peridot,module1,100,93.212,855687272
peridot,module1,100,94.210,861994176
peridot,module1,100,95.209,873516171
peridot,module1,100,96.216,881086374
peridot,module1,100,97.214,890625368
peridot,module1,100,98.213,899775243
peridot,module1,100,99.232,914644950
peridot,module1,100,100.226,920810592
peridot,module1,100,101.226,933579727
peridot,module1,100,102.233,942170961
peridot,module1,100,103.230,947708313
peridot,module1,100,104.231,960853956
peridot,module1,100,105.228,968828085
peridot,module1,100,106.229,978408364
peridot,module1,100,107.236,986943379
peridot,module1,100,108.235,995921427
peridot,module1,100,109.242,1008039816
peridot,module1,100,110.251,1017858473
peridot,module1,100,111.251,1029780230
peridot,module1,100,112.276,1040148320
peridot,module1,100,113.267,1046028734
peridot,module1,100,114.277,1058826137
peridot,module1,100,115.280,1065378672
peridot,module1,100,116.280,1072031932
peridot,module1,100,117.272,1083154276
peridot,module1,100,118.280,1090134464
peridot,module1,100,119.291,1104680428
peridot,module1,100,120.285,1113436620
peridot,module1,100,121.288,1124509938
peridot,module1,100,122.303,1132102468
peridot,module1,100,123.285,1138624233
peridot,module1,100,124.290,1150564671
peridot,module1,100,125.301,1162142100
peridot,module1,100,126.305,1174550127
peridot,module1,100,127.304,1185213776
peridot,module1,100,128.309,1196838355
peridot,module1,100,129.306,1207842480
peridot,module1,100,130.323,1216878702
peridot,module1,100,131.324,1225955370
peridot,module1,100,132.313,1232405568
peridot,module1,100,133.314,1238730183
peridot,module1,100,134.327,1246154227
peridot,module1,100,135.317,1255074663
peridot,module1,100,136.326,1266156587
peridot,module1,100,137.320,1275136565
peridot,module1,100,138.339,1282682716
peridot,module1,100,139.334,1293589168
peridot,module1,100,140.340,1300871189
peridot,module1,100,141.339,1307402966
peridot,module1,100,142.351,1314647176
peridot,module1,100,143.346,1323369519
peridot,module1,100,144.344,1335664464
peridot,module1,100,145.345,1344814583
peridot,module1,100,146.361,1352482892
peridot,module1,100,147.351,1357752495
peridot,module1,100,148.355,1367077110
peridot,module1,100,149.354,1377792106
peridot,module1,100,150.363,1390929722
peridot,module1,100,151.360,1402259929
peridot,module1,100,152.370,1411854850
peridot,module1,100,153.368,1418895749
peridot,module1,100,154.370,1425263439
peridot,module1,100,155.374,1436621981
peridot,module1,100,156.377,1448302182
peridot,module1,100,157.388,1458872447
peridot,module1,100,158.405,1474385707
peridot,module1,100,159.395,1480812802
peridot,module1,100,160.394,1487836180
peridot,module1,100,161.391,1498285508
peridot,module1,100,162.413,1511074925
peridot,module1,100,163.407,1520714078
peridot,module1,100,164.418,1533317375
peridot,module1,100,165.402,1539866885
peridot,module1,100,166.423,1551642921
peridot,module1,100,167.416,1560225833
peridot,module1,100,168.429,1571697330
peridot,module1,100,169.431,1583346044
peridot,module1,100,170.435,1591982013
peridot,module1,100,171.424,1597634516
peridot,module1,100,172.441,1611086123
peridot,module1,100,173.437,1616538213
peridot,module1,100,174.439,1628426912
peridot,module1,100,175.436,1639291789
peridot,module1,100,176.437,1646819238
peridot,module1,100,177.446,1654715075
peridot,module1,100,178.442,1659734983
peridot,module1,100,179.444,1669736600
peridot,module1,100,180.450,1681615142
peridot,module1,100,181.457,1694169642
peridot,module1,100,182.467,1701506810
peridot,module1,100,183.451,1708702472
peridot,module1,100,184.460,1722465135
peridot,module1,100,185.470,1730014177
peridot,module1,100,186.462,1735762180
peridot,module1,100,187.475,1746457026
peridot,module1,100,188.471,1758905969
peridot,module1,100,189.467,1767047029
peridot,module1,100,190.471,1772209121
peridot,module1,100,191.471,1783624408
peridot,module1,100,192.478,1797231631
peridot,module1,100,193.482,1805843945
peridot,module1,100,194.502,1814285935
peridot,module1,100,195.494,1820850694
peridot,module1,100,196.495,1832155999
peridot,module1,100,197.494,1839289132
peridot,module1,100,198.494,1850267216
peridot,module1,100,199.499,1860513010
peridot,module1,100,200.500,1869336493
peridot,module1,100,201.508,1879918045
peridot,module1,100,202.517,1890341161
peridot,module1,100,203.522,1898651610
peridot,module1,100,204.529,1907920865
peridot,module1,100,205.514,1911476516
peridot,module1,100,206.523,1928303863
peridot,module1,100,207.529,1935079770
peridot,module1,100,208.540,1947483592
peridot,module1,100,209.537,1954010272
peridot,module1,100,210.541,1960192073
peridot,module1,100,211.532,1973697792
peridot,module1,100,212.552,1980292057
peridot,module1,100,213.556,1988035532
peridot,module1,100,214.555,1997733276
peridot,module1,100,215.552,2005399960
peridot,module1,100,216.542,2011663586
peridot,module1,100,217.556,2023960816
peridot,module1,100,218.565,2037056875
peridot,module1,100,219.565,2046194615
peridot,module1,100,220.569,2059667594
peridot,module1,100,221.564,2065805805
peridot,module1,100,222.567,2073277243
peridot,module1,100,223.570,2080093215
peridot,module1,100,224.575,2086871785
peridot,module1,100,225.577,2093302904
peridot,module1,100,226.570,2102551485
peridot,module1,100,227.572,2112841283
peridot,module1,100,228.591,2120507721
peridot,module1,100,229.592,2126948978
peridot,module1,100,230.589,2136229563
peridot,module1,100,231.595,2145292521
peridot,module1,100,232.599,2156745113
peridot,module1,100,233.600,2168172378
peridot,module1,100,234.623,2177748719
peridot,module1,100,235.607,2182124095
peridot,module1,100,236.608,2190719000
peridot,module1,100,237.629,2203229572
peridot,module1,100,238.612,2207612892
peridot,module1,100,239.622,2218303472
peridot,module1,100,240.613,2226397553
peridot,module1,100,241.632,2241811378
peridot,module1,100,242.625,2250513079
peridot,module1,100,243.637,2263447004
peridot,module1,100,244.629,2273221085
peridot,module1,100,245.636,2282651842
peridot,module1,100,246.634,2292372165
peridot,module1,100,247.648,2304581465
peridot,module1,100,248.649,2311854599
peridot,module1,100,249.647,2318114375
peridot,module1,100,250.653,2328468126
peridot,module1,100,251.648,2338922992
peridot,module1,100,252.663,2349538647
peridot,module1,100,253.657,2358649107
peridot,module1,100,254.665,2370945209
peridot,module1,100,255.662,2383054788
peridot,module1,100,256.673,2396950128
peridot,module1,100,257.673,2404506528
peridot,module1,100,258.662,2410673418
peridot,module1,100,259.662,2417854243
peridot,module1,100,260.683,2431734142
peridot,module1,100,261.680,2443496717
peridot,module1,100,262.665,2448724219
peridot,module1,100,263.690,2456463258
peridot,module1,100,264.686,2461370286
peridot,module1,100,265.681,2469603698
peridot,module1,100,266.690,2478565936
peridot,module1,100,267.697,2486902076
peridot,module1,100,268.690,2493553794
peridot,module1,100,269.697,2501307280
peridot,module1,100,270.705,2506504665
peridot,module1,100,271.698,2516430784
peridot,module1,100,272.713,2529224344
peridot,module1,100,273.712,2535859938
peridot,module1,100,274.714,2542228828
peridot,module1,100,275.718,2549416767
peridot,module1,100,276.720,2556121939
peridot,module1,100,277.737,2563110728
peridot,module1,100,278.716,2572831112
peridot,module1,100,279.736,2584666335
peridot,module1,100,280.732,2595179604
peridot,module1,100,281.731,2604732751
peridot,module1,100,282.750,2619654960
peridot,module1,100,283.747,2625401524
peridot,module1,100,284.739,2635132957
peridot,module1,100,285.757,2648387968
peridot,module1,100,286.763,2656775629
peridot,module1,100,287.754,2666292700
peridot,module1,100,288.758,2676476069
peridot,module1,100,289.755,2688375818
peridot,module1,100,290.767,2695085060
peridot,module1,100,291.759,2702975136
peridot,module1,100,292.759,2708652335
peridot,module1,100,293.754,2720603520
peridot,module1,100,294.765,2729175472
peridot,module1,100,295.777,2743435145
peridot,module1,100,296.777,2750070766
peridot,module1,100,297.768,2760077581
peridot,module1,100,298.761,2773501329
peridot,module1,100,299.771,2779509718
peridot,module1,100,300.786,2788475414
peridot,module1,100,301.788,2795139360
peridot,module1,100,302.795,2801809910
peridot,module1,100,303.783,2814428415
peridot,module1,100,304.793,2820983725
peridot,module1,100,305.795,2829722267
peridot,module1,100,306.802,2837326475
peridot,module1,100,307.794,2842477390
peridot,module1,100,308.800,2852043569
peridot,module1,100,309.802,2863454118
peridot,module1,100,310.803,2875817963
peridot,module1,100,311.807,2888169485
peridot,module1,100,312.826,2901577929
peridot,module1,100,313.813,2905677006
peridot,module1,100,314.824,2918773715
peridot,module1,100,315.820,2925319576
peridot,module1,100,316.826,2933862182
peridot,module1,100,317.817,2938209879
peridot,module1,100,318.815,2948434479
peridot,module1,100,319.821,2962950663
peridot,module1,100,320.824,2974360717
peridot,module1,100,321.833,2985482624
peridot,module1,100,322.837,2993070845
peridot,module1,100,323.845,3002922667
peridot,module1,100,324.842,3012151664
peridot,module1,100,325.838,3018032508
peridot,module1,100,326.845,3029249530
peridot,module1,100,327.854,3035691802
peridot,module1,100,328.853,3046674835
peridot,module1,100,329.843,3053801314
peridot,module1,100,330.853,3059978795
peridot,module1,100,331.847,3071845054
peridot,module1,100,332.856,3082638905
peridot,module1,100,333.862,3090478183
peridot,module1,100,334.854,3097250548
peridot,module1,100,335.861,3103541191
peridot,module1,100,336.874,3112153216
peridot,module1,100,337.863,3118179037
peridot,module1,100,338.867,3124804601
peridot,module1,100,339.876,3137255872
peridot,module1,100,340.878,3147072730
peridot,module1,100,341.869,3152552305
peridot,module1,100,342.873,3164242319
peridot,module1,100,343.884,3176738647
peridot,module1,100,344.880,3188114212
peridot,module1,100,345.879,3194316793
peridot,module1,100,346.885,3207820861
peridot,module1,100,347.891,3214746240
peridot,module1,100,348.876,3221225472
peridot,module2,200,1.002,36557946
peridot,module2,200,2.001,49250340
peridot,module2,200,3.007,81582209
peridot,module2,200,4.006,101419904
peridot,module2,200,5.013,121328920
peridot,module2,200,6.010,149598091
peridot,module2,200,7.004,162119003
peridot,module2,200,8.003,186904217
peridot,module2,200,9.011,210146386
peridot,module2,200,10.009,230285770
peridot,module2,200,11.010,251662720
peridot,module2,200,12.009,270270554
peridot,module2,200,13.013,291569631
peridot,module2,200,14.018,315250479
peridot,module2,200,15.020,336608989
peridot,module2,200,16.001,357515005
peridot,module2,200,17.031,383974462
peridot,module2,200,18.020,400797455
peridot,module2,200,19.025,423554784
peridot,module2,200,20.030,445186000
peridot,module2,200,21.023,466094842
peridot,module2,200,22.038,487413332
peridot,module2,200,23.031,507963088
peridot,module2,200,24.037,532173706
peridot,module2,200,25.040,551623039
peridot,module2,200,26.033,572489328
peridot,module2,200,27.049,600325224
peridot,module2,200,28.048,621308365
peridot,module2,200,29.055,647054754
peridot,module2,200,30.047,665224425
peridot,module2,200,31.054,688007444
peridot,module2,200,32.049,708593705
peridot,module2,200,33.060,729811835
peridot,module2,200,34.063,752983802
peridot,module2,200,35.060,773075092
peridot,module2,200,36.075,793178166
peridot,module2,200,37.046,812813583
peridot,module2,200,38.049,832687209
peridot,module2,200,39.071,855633260
peridot,module2,200,40.075,878331416
peridot,module2,200,41.073,902027440
peridot,module2,200,42.083,926800024
peridot,module2,200,43.066,947095458
peridot,module2,200,44.095,977384650
peridot,module2,200,45.089,992937119
peridot,module2,200,46.088,1013883568
peridot,module2,200,47.097,1038012922
peridot,module2,200,48.108,1059121457
peridot,module2,200,49.103,1076050444
peridot,module2,200,50.106,1096741170
peridot,module2,200,51.105,1115184337
peridot,module2,200,52.114,1135526185
peridot,module2,200,53.098,1153397937
peridot,module2,200,54.112,1181121012
peridot,module2,200,55.118,1207090310
peridot,module2,200,56.122,1228939924
peridot,module2,200,57.121,1251767818
peridot,module2,200,58.110,1272544223
peridot,module2,200,59.121,1298474902
peridot,module2,200,60.126,1318947925
peridot,module2,200,61.121,1337787704
peridot,module2,200,62.116,1360595719
peridot,module2,200,63.131,1383557526
peridot,module2,200,64.131,1405530876
peridot,module2,200,65.136,1424793854
peridot,module2,200,66.132,1447087667
peridot,module2,200,67.137,1464430402
peridot,module2,200,68.135,1487791843
peridot,module2,200,69.147,1511114686
peridot,module2,200,70.151,1530284160
peridot,module2,200,71.145,1545935860
peridot,module2,200,72.145,1566534028
peridot,module2,200,73.160,1594520349
peridot,module3,300,1.010,69677812
peridot,module3,300,2.003,94114267
peridot,module3,300,3.002,138031139
peridot,module3,300,4.970,179921272
peridot,module3,300,5.003,199042767
peridot,module3,300,6.002,235962359
peridot,module3,300,7.003,263865489
peridot,module3,300,8.011,295990641
peridot,module3,300,9.008,324479941
peridot,module3,300,10.007,360105538
peridot,module3,300,11.007,396775626
peridot,module3,300,12.009,432233490
peridot,module3,300,13.003,465172267
peridot,module3,300,14.004,503876159
peridot,module3,300,15.008,538299846
peridot,module3,300,16.995,601507991
peridot,module3,300,17.006,606491684
peridot,module3,300,18.009,642660159
peridot,module3,300,19.010,676025394
peridot,module3,300,20.002,701972410
peridot,module3,300,21.007,740989246
peridot,module3,300,22.001,771202327
peridot,module3,300,23.003,808376846
peridot,module3,300,24.001,839555062
peridot,module3,300,25.007,877975446
peridot,module3,300,26.004,913079656
peridot,module3,300,27.012,946598830
peridot,module3,300,28.018,984723598
peridot,module3,300,29.020,1018436797
peridot,module3,300,30.013,1052179371
peridot,module3,300,31.023,1089118291
peridot,module3,300,32.022,1122526059
peridot,module3,300,33.021,1155493791
peridot,module4,400,1.000,72316075
peridot,module4,400,2.001,117020183
peridot,module4,400,3.001,169266199
peridot,module4,400,4.001,223714823
peridot,module4,400,5.003,258254076
peridot,module4,400,6.001,308612032
peridot,module4,400,7.000,351013725
peridot,module4,400,8.001,393895980
peridot,module4,400,9.014,445531341
peridot,module4,400,10.001,489240639
peridot,module4,400,11.009,534798168
peridot,module4,400,12.003,578242197
peridot,module4,400,13.028,629382749
peridot,module4,400,14.007,673735110
peridot,module4,400,15.009,723847921
peridot,module4,400,16.001,784555216
peridot,module4,400,17.006,811768000
peridot,module4,400,18.003,856068713
peridot,module4,400,19.012,903365144
peridot,module4,400,20.012,945326043
