arm,rep,op,bytes,iterations,mean_us,p50_us,p99_us,stddev_us
baseline,1,fd_write,1024,20000,31.2961,29.7500,51.4580,5.1759
baseline,1,fd_pwrite,1024,20000,33.7637,31.3340,62.7080,7.5990
baseline,1,fd_read,1024,20000,31.7991,29.7500,57.8330,6.3361
baseline,1,fd_pread,1024,20000,32.2517,30.1250,57.2500,6.3184
peridot,1,fd_write,1024,20000,30.6461,29.7910,41.9580,3.2250
peridot,1,fd_pwrite,1024,20000,34.2254,31.7920,61.0420,12.1137
peridot,1,fd_read,1024,20000,31.2292,29.5000,53.0840,6.4501
peridot,1,fd_pread,1024,20000,32.2349,30.6670,56.3750,8.1699
baseline,2,fd_write,1024,20000,30.7154,29.5420,44.2500,3.7836
baseline,2,fd_pwrite,1024,20000,30.5888,29.5000,43.3330,3.7028
baseline,2,fd_read,1024,20000,31.0875,29.4160,53.2500,5.4285
baseline,2,fd_pread,1024,20000,30.9977,29.7080,48.4160,5.1840
peridot,2,fd_write,1024,20000,33.1465,30.2500,63.9580,52.5261
peridot,2,fd_pwrite,1024,20000,31.4201,30.2920,49.8330,5.6389
peridot,2,fd_read,1024,20000,32.4659,29.6250,78.4170,15.1636
peridot,2,fd_pread,1024,20000,30.7790,29.5420,45.0830,6.9068
baseline,3,fd_write,1024,20000,30.7557,29.5420,44.2090,3.7312
baseline,3,fd_pwrite,1024,20000,31.4338,30.0420,48.9580,6.2728
baseline,3,fd_read,1024,20000,30.7556,29.5000,44.6660,4.0944
baseline,3,fd_pread,1024,20000,31.9466,30.5830,45.4580,4.4157
peridot,3,fd_write,1024,20000,35.4091,31.3750,59.5410,89.3927
peridot,3,fd_pwrite,1024,20000,31.3872,30.1250,44.9590,4.2049
peridot,3,fd_read,1024,20000,31.2797,29.7080,48.6660,4.7262
peridot,3,fd_pread,1024,20000,31.3859,30.1250,45.4170,4.2613
